codigo,codigo_ibge,municipio,regiao_imediata,regiao_intermediaria,mesorregiao,populacao,ano,leitos_existentes,leitos_sus,leitos_sus_10k_hab,tem_rede_hospitalar,internacoes_12m,valor_total_12m,media_permanencia,internacoes_ult_trim,internacoes_prim_trim,variacao_trimestral_pct,perfil_dominante,internacoes_mil_hab,giro_leito_ano,ocupacao_estimada_pct,custo_medio_internacao,perfil_permanencia,alerta_capacidade
350010,3500105,Adamantina,Adamantina - Lucélia,Presidente Prudente,Presidente Prudente,35673,2025,194,133,37.28,True,5360,8103843.44,8.8,1345.0,1388.0,-3.1,V. Transtornos mentais e comportamentais,150.25,40.3,97.2,1511.91,Permanência elevada,Atenção
350020,3500204,Adolfo,São José do Rio Preto,São José do Rio Preto,São José do Rio Preto,4505,2025,0,0,0.0,False,0,0.0,0.0,,,,,0.0,,,0.0,Sem internações,Não aplicável
350030,3500303,Aguaí,São João da Boa Vista,Campinas,Campinas,32886,2025,24,24,7.3,True,409,240289.21,6.34,102.0,118.0,-13.6,X. Doenças do aparelho respiratório,12.44,17.0,29.6,587.5,Agudos,Adequado
350040,3500402,Águas da Prata,São João da Boa Vista,Campinas,Campinas,7463,2025,0,0,0.0,False,0,0.0,0.0,,,,,0.0,,,0.0,Sem internações,Não aplicável
350050,3500501,Águas de Lindóia,Amparo,Campinas,Campinas,18257,2025,42,30,16.43,True,1250,540344.62,3.82,311.0,304.0,2.3,X. Doenças do aparelho respiratório,68.47,41.7,43.6,432.28,Agudos,Adequado
350055,3500550,Águas de Santa Bárbara,Avaré,Sorocaba,Bauru,7460,2025,0,0,0.0,False,0,0.0,0.0,,,,,0.0,,,0.0,Sem internações,Não aplicável
350060,3500600,Águas de São Pedro,Piracicaba,Campinas,Piracicaba,2928,2025,0,0,0.0,False,0,0.0,0.0,,,,,0.0,,,0.0,Sem internações,Não aplicável
350070,3500709,Agudos,Bauru,Bauru,Bauru,38988,2025,36,28,7.18,True,1106,544823.59,1.92,282.0,308.0,-8.4,"XV. Gravidez, parto e puerpério",28.37,39.5,20.8,492.61,Agudos,Adequado
350075,3500758,Alambari,Itapetininga,Sorocaba,Itapetininga,6373,2025,0,0,0.0,False,0,0.0,0.0,,,,,0.0,,,0.0,Sem internações,Não aplicável
350080,3500808,Alfredo Marcondes,Presidente Prudente,Presidente Prudente,Presidente Prudente,4574,2025,0,0,0.0,False,0,0.0,0.0,,,,,0.0,,,0.0,Sem internações,Não aplicável
350090,3500907,Altair,São José do Rio Preto,São José do Rio Preto,São José do Rio Preto,3467,2025,0,0,0.0,False,0,0.0,0.0,,,,,0.0,,,0.0,Sem internações,Não aplicável
350100,3501004,Altinópolis,Ribeirão Preto,Ribeirão Preto,Ribeirão Preto,17197,2025,21,19,11.05,True,1881,596019.18,1.93,450.0,501.0,-10.2,XIX. Lesões e envenenamentos por causas externas,109.38,99.0,52.3,316.86,Agudos,Adequado
350110,3501103,Alto Alegre,Birigui - Penápolis,Araçatuba,Araçatuba,3874,2025,16,16,41.3,True,45,15591.21,4.34,17.0,10.0,70.0,X. Doenças do aparelho respiratório,11.62,2.8,3.3,346.47,Agudos,Adequado
350115,3501152,Alumínio,Sorocaba,Sorocaba,Macro Metropolitana Paulista,17607,2025,120,0,0.0,True,0,0.0,0.0,,,,,0.0,,,0.0,Sem internações,Não aplicável
350120,3501202,Álvares Florence,Votuporanga,São José do Rio Preto,São José do Rio Preto,3979,2025,0,0,0.0,False,0,0.0,0.0,,,,,0.0,,,0.0,Sem internações,Não aplicável
350130,3501301,Álvares Machado,Presidente Prudente,Presidente Prudente,Presidente Prudente,28386,2025,28,17,5.99,True,732,267302.86,3.9,151.0,199.0,-24.1,XIV. Doenças do aparelho geniturinário,25.79,43.1,46.0,365.17,Agudos,Adequado
350140,3501400,Álvaro de Carvalho,Marília,Marília,Marília,4901,2025,0,0,0.0,False,0,0.0,0.0,,,,,0.0,,,0.0,Sem internações,Não aplicável
350150,3501509,Alvinlândia,Marília,Marília,Marília,2919,2025,0,0,0.0,False,0,0.0,0.0,,,,,0.0,,,0.0,Sem internações,Não aplicável
350160,3501608,Americana,Campinas,Campinas,Campinas,247571,2025,416,149,6.02,True,9375,11799091.59,4.34,2348.0,2713.0,-13.5,"XV. Gravidez, parto e puerpério",37.87,62.9,74.8,1258.57,Agudos,Adequado
350170,3501707,Américo Brasiliense,Araraquara,Araraquara,Araraquara,33708,2025,148,148,43.91,True,6750,7714216.45,5.22,1823.0,1633.0,11.6,VII. Doenças do olho e anexos,200.25,45.6,65.2,1142.85,Agudos,Adequado
350180,3501806,Américo de Campos,Votuporanga,São José do Rio Preto,São José do Rio Preto,5981,2025,0,0,0.0,False,0,0.0,0.0,,,,,0.0,,,0.0,Sem internações,Não aplicável
350190,3501905,Amparo,Amparo,Campinas,Campinas,69792,2025,382,217,31.09,True,4603,9236938.29,14.39,1095.0,1164.0,-5.9,V. Transtornos mentais e comportamentais,65.95,21.2,83.6,2006.72,Permanência elevada,Adequado
350200,3502002,Analândia,Rio Claro,Campinas,Araraquara,4694,2025,0,0,0.0,False,0,0.0,0.0,,,,,0.0,,,0.0,Sem internações,Não aplicável
350210,3502101,Andradina,Andradina,Araçatuba,Araçatuba,61625,2025,99,59,9.57,True,3352,3652473.4,4.27,815.0,907.0,-10.1,"XV. Gravidez, parto e puerpério",54.39,56.8,66.5,1089.64,Agudos,Adequado
350220,3502200,Angatuba,Itapetininga,Sorocaba,Itapetininga,24573,2025,57,54,21.98,True,1802,701680.47,2.95,488.0,488.0,0.0,"XV. Gravidez, parto e puerpério",73.33,33.4,27.0,389.39,Agudos,Adequado
350230,3502309,Anhembi,Botucatu,Bauru,Bauru,5766,2025,0,0,0.0,False,0,0.0,0.0,,,,,0.0,,,0.0,Sem internações,Não aplicável
350240,3502408,Anhumas,Presidente Prudente,Presidente Prudente,Presidente Prudente,4118,2025,0,0,0.0,False,0,0.0,0.0,,,,,0.0,,,0.0,Sem internações,Não aplicável
350250,3502507,Aparecida,Guaratinguetá,São José dos Campos,Vale do Paraíba Paulista,33141,2025,92,49,14.79,True,5145,6971784.69,3.06,1229.0,1183.0,3.9,XIV. Doenças do aparelho geniturinário,155.25,105.0,88.0,1355.06,Agudos,Atenção
350260,3502606,Aparecida d'Oeste,Jales,São José do Rio Preto,São José do Rio Preto,4112,2025,13,12,29.18,True,89,37116.37,3.36,20.0,20.0,0.0,X. Doenças do aparelho respiratório,21.64,7.4,6.8,417.04,Agudos,Adequado
350270,3502705,Apiaí,Itapeva,Sorocaba,Itapetininga,24857,2025,51,45,18.1,True,3739,2023972.99,2.61,1065.0,847.0,25.7,"XV. Gravidez, parto e puerpério",150.42,83.1,59.4,541.31,Agudos,Adequado
350275,3502754,Araçariguama,Sorocaba,Sorocaba,Macro Metropolitana Paulista,22314,2025,0,0,0.0,False,0,0.0,0.0,,,,,0.0,,,0.0,Sem internações,Não aplicável
350280,3502804,Araçatuba,Araçatuba,Araçatuba,Araçatuba,208415,2025,413,264,12.67,True,14031,53334687.0,8.12,3634.0,3628.0,0.2,IX. Doenças do aparelho circulatório,67.32,53.1,118.2,3801.2,Permanência elevada,Crítico
350290,3502903,Araçoiaba da Serra,Sorocaba,Sorocaba,Macro Metropolitana Paulista,33832,2025,103,0,0.0,True,0,0.0,0.0,,,,,0.0,,,0.0,Sem internações,Não aplicável
350300,3503000,Aramina,Ituverava,Ribeirão Preto,Ribeirão Preto,5535,2025,0,0,0.0,False,0,0.0,0.0,,,,,0.0,,,0.0,Sem internações,Não aplicável
350310,3503109,Arandu,Avaré,Sorocaba,Bauru,7076,2025,6,6,8.48,True,93,38343.73,5.0,16.0,31.0,-48.4,X. Doenças do aparelho respiratório,13.14,15.5,21.2,412.3,Agudos,Adequado
350315,3503158,Arapeí,Cruzeiro,São José dos Campos,Vale do Paraíba Paulista,2355,2025,0,0,0.0,False,0,0.0,0.0,,,,,0.0,,,0.0,Sem internações,Não aplicável
350320,3503208,Araraquara,Araraquara,Araraquara,Araraquara,253474,2025,463,258,10.18,True,21381,50330142.74,3.82,5469.0,5414.0,1.0,IX. Doenças do aparelho circulatório,84.35,82.9,86.7,2353.97,Agudos,Atenção
350330,3503307,Araras,Araras,Campinas,Piracicaba,135744,2025,392,180,13.26,True,8050,16153885.45,4.52,2286.0,1805.0,26.6,IX. Doenças do aparelho circulatório,59.3,44.7,55.4,2006.69,Agudos,Adequado
350335,3503356,Arco-Íris,Tupã,Marília,Marília,2089,2025,0,0,0.0,False,0,0.0,0.0,,,,,0.0,,,0.0,Sem internações,Não aplicável
350340,3503406,Arealva,Bauru,Bauru,Bauru,8290,2025,26,15,18.09,True,260,59852.04,2.41,62.0,73.0,-15.1,XIX. Lesões e envenenamentos por causas externas,31.36,17.3,11.4,230.2,Agudos,Adequado
350350,3503505,Areias,Cruzeiro,São José dos Campos,Vale do Paraíba Paulista,3617,2025,0,0,0.0,False,0,0.0,0.0,,,,,0.0,,,0.0,Sem internações,Não aplicável
350360,3503604,Areiópolis,Botucatu,Bauru,Bauru,10242,2025,0,0,0.0,False,0,0.0,0.0,,,,,0.0,,,0.0,Sem internações,Não aplicável
350370,3503703,Ariranha,Catanduva,São José do Rio Preto,São José do Rio Preto,7621,2025,0,0,0.0,False,0,0.0,0.0,,,,,0.0,,,0.0,Sem internações,Não aplicável
350380,3503802,Artur Nogueira,Campinas,Campinas,Campinas,53467,2025,8,8,1.5,True,0,0.0,0.0,,,,,0.0,0.0,0.0,0.0,Sem internações,Não aplicável
350390,3503901,Arujá,São Paulo,São Paulo,Metropolitana de São Paulo,90273,2025,69,29,3.21,True,0,0.0,0.0,,,,,0.0,0.0,0.0,0.0,Sem internações,Não aplicável
350395,3503950,Aspásia,Jales,São José do Rio Preto,São José do Rio Preto,1875,2025,0,0,0.0,False,0,0.0,0.0,,,,,0.0,,,0.0,Sem internações,Não aplicável
350400,3504008,Assis,Assis,Marília,Assis,104858,2025,288,161,15.35,True,11019,18553177.93,4.58,2801.0,2756.0,1.6,"XV. Gravidez, parto e puerpério",105.08,68.4,85.9,1683.74,Agudos,Atenção
350410,3504107,Atibaia,Bragança Paulista,Campinas,Macro Metropolitana Paulista,167161,2025,310,66,3.95,True,4387,4740496.54,4.73,1091.0,1159.0,-5.9,"XV. Gravidez, parto e puerpério",26.24,66.5,86.1,1080.58,Agudos,Atenção
350420,3504206,Auriflama,Araçatuba,Araçatuba,São José do Rio Preto,13856,2025,44,35,25.26,True,2692,2965980.54,1.75,782.0,603.0,29.7,XI. Doenças do aparelho digestivo,194.28,76.9,36.9,1101.78,Agudos,Adequado
350430,3504305,Avaí,Bauru,Bauru,Bauru,4503,2025,0,0,0.0,False,0,0.0,0.0,,,,,0.0,,,0.0,Sem internações,Não aplicável
350440,3504404,Avanhandava,Birigui - Penápolis,Araçatuba,Araçatuba,11436,2025,0,0,0.0,False,0,0.0,0.0,,,,,0.0,,,0.0,Sem internações,Não aplicável
350450,3504503,Avaré,Avaré,Sorocaba,Bauru,96450,2025,184,142,14.72,True,7763,12505243.31,4.11,2003.0,2076.0,-3.5,XIX. Lesões e envenenamentos por causas externas,80.49,54.7,61.6,1610.88,Agudos,Adequado
350460,3504602,Bady Bassitt,São José do Rio Preto,São José do Rio Preto,São José do Rio Preto,29346,2025,0,0,0.0,False,0,0.0,0.0,,,,,0.0,,,0.0,Sem internações,Não aplicável
350470,3504701,Balbinos,Bauru,Bauru,Bauru,3969,2025,0,0,0.0,False,0,0.0,0.0,,,,,0.0,,,0.0,Sem internações,Não aplicável
350480,3504800,Bálsamo,São José do Rio Preto,São José do Rio Preto,São José do Rio Preto,9902,2025,0,0,0.0,False,0,0.0,0.0,,,,,0.0,,,0.0,Sem internações,Não aplicável
350490,3504909,Bananal,Cruzeiro,São José dos Campos,Vale do Paraíba Paulista,10097,2025,15,15,14.86,True,0,0.0,0.0,,,,,0.0,0.0,0.0,0.0,Sem internações,Não aplicável
350500,3505005,Barão de Antonina,Itapeva,Sorocaba,Itapetininga,3632,2025,0,0,0.0,False,0,0.0,0.0,,,,,0.0,,,0.0,Sem internações,Não aplicável
350510,3505104,Barbosa,Birigui - Penápolis,Araçatuba,Araçatuba,5627,2025,0,0,0.0,False,0,0.0,0.0,,,,,0.0,,,0.0,Sem internações,Não aplicável
350520,3505203,Bariri,Jaú,Bauru,Bauru,32406,2025,48,42,12.96,True,2097,1068894.28,3.16,459.0,605.0,-24.1,"XV. Gravidez, parto e puerpério",64.71,49.9,43.2,509.73,Agudos,Adequado
350530,3505302,Barra Bonita,Jaú,Bauru,Bauru,35129,2025,58,47,13.38,True,1936,1542668.06,3.08,480.0,602.0,-20.3,X. Doenças do aparelho respiratório,55.11,41.2,34.8,796.83,Agudos,Adequado
