codigo,municipio,leitos_existentes,leitos_sus
350010,ADAMANTINA,194,133
350020,ADOLFO,0,0
350030,AGUAI,24,24
350040,AGUAS DA PRATA,0,0
350050,AGUAS DE LINDOIA,42,30
350055,AGUAS DE SANTA BARBARA,0,0
350060,AGUAS DE SAO PEDRO,0,0
350070,AGUDOS,36,28
350075,ALAMBARI,0,0
350080,ALFREDO MARCONDES,0,0
350090,ALTAIR,0,0
350100,ALTINOPOLIS,21,19
350110,ALTO ALEGRE,16,16
350115,ALUMINIO,120,0
350120,ALVARES FLORENCE,0,0
350130,ALVARES MACHADO,28,17
350140,ALVARO DE CARVALHO,0,0
350150,ALVINLANDIA,0,0
350160,AMERICANA,416,149
350170,AMERICO BRASILIENSE,148,148
350180,AMERICO DE CAMPOS,0,0
350190,AMPARO,382,217
350200,ANALANDIA,0,0
350210,ANDRADINA,99,59
350220,ANGATUBA,57,54
350230,ANHEMBI,0,0
350240,ANHUMAS,0,0
350250,APARECIDA,92,49
350260,APARECIDA D'OESTE,13,12
350270,APIAI,51,45
350275,ARACARIGUAMA,0,0
350280,ARACATUBA,413,264
350290,ARACOIABA DA SERRA,103,0
350300,ARAMINA,0,0
350310,ARANDU,6,6
350315,ARAPEI,0,0
350320,ARARAQUARA,463,258
350330,ARARAS,392,180
350335,ARCO-IRIS,0,0
350340,AREALVA,26,15
350350,AREIAS,0,0
350360,AREIOPOLIS,0,0
350370,ARIRANHA,0,0
350380,ARTUR NOGUEIRA,8,8
350390,ARUJA,69,29
350395,ASPASIA,0,0
350400,ASSIS,288,161
350410,ATIBAIA,310,66
350420,AURIFLAMA,44,35
350430,AVAI,0,0
350440,AVANHANDAVA,0,0
350450,AVARE,184,142
350460,BADY BASSITT,0,0
350470,BALBINOS,0,0
350480,BALSAMO,0,0
350490,BANANAL,15,15
350500,BARAO DE ANTONINA,0,0
350510,BARBOSA,0,0
350520,BARIRI,48,42
350530,BARRA BONITA,58,47
350535,BARRA DO CHAPEU,0,0
350540,BARRA DO TURVO,0,0
350550,BARRETOS,486,442
350560,BARRINHA,7,7
350570,BARUERI,735,609
350580,BASTOS,30,22
350590,BATATAIS,147,97
350600,BAURU,1255,726
350610,BEBEDOURO,179,139
350620,BENTO DE ABREU,0,0
350630,BERNARDINO DE CAMPOS,27,27
350635,BERTIOGA,74,74
350640,BILAC,36,35
350650,BIRIGUI,148,77
350660,BIRITIBA MIRIM,13,13
350670,BOA ESPERANCA DO SUL,15,14
350680,BOCAINA,18,18
350690,BOFETE,0,0
350700,BOITUVA,64,44
350710,BOM JESUS DOS PERDOES,11,11
350715,BOM SUCESSO DE ITARARE,0,0
350720,BORA,0,0
350730,BORACEIA,0,0
350740,BORBOREMA,26,16
350745,BOREBI,0,0
350750,BOTUCATU,839,537
350760,BRAGANCA PAULISTA,342,206
350770,BRAUNA,0,0
350775,BREJO ALEGRE,0,0
350780,BRODOWSKI,0,0
350790,BROTAS,53,35
350800,BURI,0,0
350810,BURITAMA,38,24
350820,BURITIZAL,0,0
350830,CABRALIA PAULISTA,0,0
350840,CABREUVA,22,19
350850,CACAPAVA,472,413
350860,CACHOEIRA PAULISTA,62,62
350870,CACONDE,66,66
350880,CAFELANDIA,45,34
350890,CAIABU,0,0
350900,CAIEIRAS,135,81
350910,CAIUA,0,0
350920,CAJAMAR,139,39
350925,CAJATI,0,0
350930,CAJOBI,32,26
350940,CAJURU,73,55
350945,CAMPINA DO MONTE ALEGRE,0,0
350950,CAMPINAS,2833,1406
350960,CAMPO LIMPO PAULISTA,54,54
350970,CAMPOS DO JORDAO,211,185
350980,CAMPOS NOVOS PAULISTA,0,0
350990,CANANEIA,0,0
350995,CANAS,0,0
351000,CANDIDO MOTA,30,25
351010,CANDIDO RODRIGUES,0,0
351015,CANITAR,0,0
351020,CAPAO BONITO,46,37
351030,CAPELA DO ALTO,17,0
351040,CAPIVARI,104,65
351050,CARAGUATATUBA,319,262
351060,CARAPICUIBA,230,203
351070,CARDOSO,31,10
351080,CASA BRANCA,250,239
351090,CASSIA DOS COQUEIROS,0,0
351100,CASTILHO,31,30
351110,CATANDUVA,638,377
351120,CATIGUA,0,0
351130,CEDRAL,0,0
351140,CERQUEIRA CESAR,38,35
351150,CERQUILHO,41,26
351160,CESARIO LANGE,27,23
351170,CHARQUEADA,35,28
351190,CLEMENTINA,24,21
351200,COLINA,41,32
351210,COLOMBIA,20,20
351220,CONCHAL,50,40
351230,CONCHAS,15,14
351240,CORDEIROPOLIS,0,0
351250,COROADOS,0,0
351260,CORONEL MACEDO,2,2
351270,CORUMBATAI,2,2
351280,COSMOPOLIS,61,34
351290,COSMORAMA,0,0
351300,COTIA,444,138
351310,CRAVINHOS,15,13
351320,CRISTAIS PAULISTA,0,0
351330,CRUZALIA,0,0
351340,CRUZEIRO,179,141
351350,CUBATAO,109,109
351360,CUNHA,40,25
351370,DESCALVADO,40,25
351380,DIADEMA,432,432
351385,DIRCE REIS,0,0
351390,DIVINOLANDIA,186,186
351400,DOBRADA,0,0
351410,DOIS CORREGOS,67,47
351420,DOLCINOPOLIS,0,0
351430,DOURADO,10,10
351440,DRACENA,148,108
351450,DUARTINA,39,35
351460,DUMONT,0,0
351470,ECHAPORA,0,0
351480,ELDORADO,0,0
351490,ELIAS FAUSTO,6,6
351492,ELISIARIO,0,0
351495,EMBAUBA,0,0
351500,EMBU DAS ARTES,99,89
351510,EMBU-GUACU,17,17
351512,EMILIANOPOLIS,0,0
351515,ENGENHEIRO COELHO,0,0
351518,ESPIRITO SANTO DO PINHAL,674,298
351519,ESPIRITO SANTO DO TURVO,0,0
351520,ESTRELA D'OESTE,51,27
351530,ESTRELA DO NORTE,0,0
351535,EUCLIDES DA CUNHA PAULISTA,0,0
351540,FARTURA,20,12
351550,FERNANDOPOLIS,135,84
351560,FERNANDO PRESTES,0,0
351565,FERNAO,0,0
351570,FERRAZ DE VASCONCELOS,178,178
351580,FLORA RICA,0,0
351590,FLOREAL,0,0
351600,FLORIDA PAULISTA,47,30
351610,FLORINEA,0,0
351620,FRANCA,746,543
351630,FRANCISCO MORATO,150,150
351640,FRANCO DA ROCHA,455,384
351650,GABRIEL MONTEIRO,0,0
351660,GALIA,45,27
351670,GARCA,269,221
351680,GASTAO VIDIGAL,0,0
351685,GAVIAO PEIXOTO,0,0
351690,GENERAL SALGADO,28,19
351700,GETULINA,38,33
351710,GLICERIO,0,0
351720,GUAICARA,0,0
351730,GUAIMBE,0,0
351740,GUAIRA,51,38
351750,GUAPIACU,0,0
351760,GUAPIARA,12,12
351770,GUARA,50,46
351780,GUARACAI,23,15
351790,GUARACI,0,0
351800,GUARANI D'OESTE,0,0
351810,GUARANTA,0,0
351820,GUARARAPES,74,63
351830,GUARAREMA,31,29
351840,GUARATINGUETA,291,207
351850,GUAREI,0,0
351860,GUARIBA,61,53
351870,GUARUJA,396,312
351880,GUARULHOS,1924,1417
351885,GUATAPARA,0,0
351890,GUZOLANDIA,0,0
351900,HERCULANDIA,58,58
351905,HOLAMBRA,0,0
351907,HORTOLANDIA,125,103
351910,IACANGA,30,28
351920,IACRI,0,0
351925,IARAS,0,0
351930,IBATE,30,29
351940,IBIRA,27,9
351950,IBIRAREMA,0,0
351960,IBITINGA,109,57
351970,IBIUNA,315,63
351980,ICEM,0,0
351990,IEPE,20,20
352000,IGARACU DO TIETE,0,0
352010,IGARAPAVA,46,36
352020,IGARATA,8,8
352030,IGUAPE,0,0
352040,ILHABELA,47,47
352042,ILHA COMPRIDA,0,0
352044,ILHA SOLTEIRA,71,67
352050,INDAIATUBA,431,246
352060,INDIANA,0,0
352070,INDIAPORA,36,4
352080,INUBIA PAULISTA,0,0
352090,IPAUSSU,49,28
352100,IPERO,15,15
352110,IPEUNA,0,0
352115,IPIGUA,0,0
352120,IPORANGA,0,0
352130,IPUA,50,43
352140,IRACEMAPOLIS,3,3
352150,IRAPUA,0,0
352160,IRAPURU,0,0
352170,ITABERA,19,19
352180,ITAI,35,33
352190,ITAJOBI,50,35
352200,ITAJU,0,0
352210,ITANHAEM,141,137
352215,ITAOCA,0,0
352220,ITAPECERICA DA SERRA,704,195
352230,ITAPETININGA,216,166
352240,ITAPEVA,158,109
352250,ITAPEVI,351,224
352260,ITAPIRA,904,381
352265,ITAPIRAPUA PAULISTA,0,0
352270,ITAPOLIS,69,43
352280,ITAPORANGA,38,32
352290,ITAPUI,35,35
352300,ITAPURA,0,0
352310,ITAQUAQUECETUBA,267,267
352320,ITARARE,78,51
352330,ITARIRI,0,0
352340,ITATIBA,156,96
352350,ITATINGA,14,7
352360,ITIRAPINA,10,10
352370,ITIRAPUA,0,0
352380,ITOBI,0,0
352390,ITU,416,304
352400,ITUPEVA,86,48
352410,ITUVERAVA,123,55
352420,JABORANDI,17,17
352430,JABOTICABAL,262,38
352440,JACAREI,325,204
352450,JACI,249,173
352460,JACUPIRANGA,0,0
352470,JAGUARIUNA,120,84
352480,JALES,153,103
352490,JAMBEIRO,0,0
352500,JANDIRA,15,0
352510,JARDINOPOLIS,0,0
352520,JARINU,29,17
352530,JAU,783,569
352540,JERIQUARA,0,0
352550,JOANOPOLIS,12,12
352560,JOAO RAMALHO,0,0
352570,JOSE BONIFACIO,67,43
352580,JULIO MESQUITA,0,0
352585,JUMIRIM,0,0
352590,JUNDIAI,958,443
352600,JUNQUEIROPOLIS,52,25
352610,JUQUIA,0,0
352620,JUQUITIBA,0,0
352630,LAGOINHA,0,0
352640,LARANJAL PAULISTA,46,28
352650,LAVINIA,0,0
352660,LAVRINHAS,0,0
352670,LEME,150,86
352680,LENCOIS PAULISTA,171,43
352690,LIMEIRA,354,179
352700,LINDOIA,0,0
352710,LINS,333,260
352720,LORENA,177,106
352725,LOURDES,0,0
352730,LOUVEIRA,39,35
352740,LUCELIA,32,26
352750,LUCIANOPOLIS,0,0
352760,LUIS ANTONIO,0,0
352770,LUIZIANIA,0,0
352780,LUPERCIO,0,0
352790,LUTECIA,0,0
352800,MACATUBA,31,18
352810,MACAUBAL,15,10
352820,MACEDONIA,0,0
352830,MAGDA,0,0
352840,MAIRINQUE,0,0
352850,MAIRIPORA,39,39
352860,MANDURI,0,0
352870,MARABA PAULISTA,0,0
352880,MARACAI,26,22
352885,MARAPOAMA,0,0
352890,MARIAPOLIS,0,0
352900,MARILIA,883,601
352910,MARINOPOLIS,0,0
352920,MARTINOPOLIS,49,43
352930,MATAO,277,86
352940,MAUA,496,246
352950,MENDONCA,0,0
352960,MERIDIANO,0,0
352965,MESOPOLIS,0,0
352970,MIGUELOPOLIS,72,51
352980,MINEIROS DO TIETE,11,11
352990,MIRACATU,0,0
353000,MIRA ESTRELA,0,0
353010,MIRANDOPOLIS,80,80
353020,MIRANTE DO PARANAPANEMA,23,23
353030,MIRASSOL,167,0
353040,MIRASSOLANDIA,0,0
353050,MOCOCA,125,82
353060,MOGI DAS CRUZES,854,617
353070,MOGI GUACU,331,155
353080,MOGI MIRIM,172,109
353090,MOMBUCA,0,0
353100,MONCOES,0,0
353110,MONGAGUA,36,36
353120,MONTE ALEGRE DO SUL,0,0
353130,MONTE ALTO,88,42
353140,MONTE APRAZIVEL,80,30
353150,MONTE AZUL PAULISTA,70,51
353160,MONTE CASTELO,0,0
353170,MONTEIRO LOBATO,0,0
353180,MONTE MOR,35,26
353190,MORRO AGUDO,47,35
353200,MORUNGABA,8,8
353205,MOTUCA,0,0
353210,MURUTINGA DO SUL,0,0
353215,NANTES,0,0
353220,NARANDIBA,0,0
353230,NATIVIDADE DA SERRA,0,0
353240,NAZARE PAULISTA,26,17
353250,NEVES PAULISTA,21,10
353260,NHANDEARA,129,35
353270,NIPOA,0,0
353280,NOVA ALIANCA,0,0
353282,NOVA CAMPINA,0,0
353284,NOVA CANAA PAULISTA,0,0
353286,NOVA CASTILHO,0,0
353290,NOVA EUROPA,16,12
353300,NOVA GRANADA,62,31
353310,NOVA GUATAPORANGA,0,0
353320,NOVA INDEPENDENCIA,0,0
353325,NOVAIS,0,0
353330,NOVA LUZITANIA,0,0
353340,NOVA ODESSA,60,60
353350,NOVO HORIZONTE,73,41
353360,NUPORANGA,0,0
353370,OCAUCU,0,0
353380,OLEO,0,0
353390,OLIMPIA,82,50
353400,ONDA VERDE,0,0
353410,ORIENTE,0,0
353420,ORINDIUVA,0,0
353430,ORLANDIA,98,60
353440,OSASCO,1038,644
353450,OSCAR BRESSANE,0,0
353460,OSVALDO CRUZ,96,58
353470,OURINHOS,205,111
353475,OUROESTE,33,28
353480,OURO VERDE,0,0
353490,PACAEMBU,0,0
353500,PALESTINA,0,0
353510,PALMARES PAULISTA,0,0
353520,PALMEIRA D'OESTE,20,12
353530,PALMITAL,43,29
353540,PANORAMA,0,0
353550,PARAGUACU PAULISTA,100,73
353560,PARAIBUNA,0,0
353570,PARAISO,0,0
353580,PARANAPANEMA,16,16
353590,PARANAPUA,0,0
353600,PARAPUA,32,26
353610,PARDINHO,0,0
353620,PARIQUERA-ACU,139,139
353625,PARISI,0,0
353630,PATROCINIO PAULISTA,35,30
353640,PAULICEIA,0,0
353650,PAULINIA,171,154
353657,PAULISTANIA,0,0
353660,PAULO DE FARIA,24,18
353670,PEDERNEIRAS,62,54
353680,PEDRA BELA,0,0
353690,PEDRANOPOLIS,0,0
353700,PEDREGULHO,64,55
353710,PEDREIRA,28,28
353715,PEDRINHAS PAULISTA,0,0
353720,PEDRO DE TOLEDO,3,3
353730,PENAPOLIS,157,121
353740,PEREIRA BARRETO,52,48
353750,PEREIRAS,0,0
353760,PERUIBE,75,72
353770,PIACATU,0,0
353780,PIEDADE,80,60
353790,PILAR DO SUL,35,27
353800,PINDAMONHANGABA,398,127
353810,PINDORAMA,0,0
353820,PINHALZINHO,0,0
353830,PIQUEROBI,0,0
353850,PIQUETE,0,0
353860,PIRACAIA,64,28
353870,PIRACICABA,803,421
353880,PIRAJU,68,49
353890,PIRAJUI,285,83
353900,PIRANGI,47,22
353910,PIRAPORA DO BOM JESUS,0,0
353920,PIRAPOZINHO,0,0
353930,PIRASSUNUNGA,130,68
353940,PIRATININGA,25,21
353950,PITANGUEIRAS,53,30
353960,PLANALTO,0,0
353970,PLATINA,0,0
353980,POA,0,0
353990,POLONI,0,0
354000,POMPEIA,21,16
354010,PONGAI,0,0
354020,PONTAL,45,29
354025,PONTALINDA,0,0
354030,PONTES GESTAL,0,0
354040,POPULINA,18,6
354050,PORANGABA,0,0
354060,PORTO FELIZ,82,71
354070,PORTO FERREIRA,55,33
354075,POTIM,0,0
354080,POTIRENDABA,32,21
354085,PRACINHA,0,0
354090,PRADOPOLIS,0,0
354100,PRAIA GRANDE,380,218
354105,PRATANIA,0,0
354110,PRESIDENTE ALVES,0,0
354120,PRESIDENTE BERNARDES,35,28
354130,PRESIDENTE EPITACIO,78,68
354140,PRESIDENTE PRUDENTE,1164,752
354150,PRESIDENTE VENCESLAU,102,62
354160,PROMISSAO,64,64
354165,QUADRA,0,0
354170,QUATA,0,0
354180,QUEIROZ,0,0
354190,QUELUZ,19,19
354200,QUINTANA,0,0
354210,RAFARD,0,0
354220,RANCHARIA,103,71
354230,REDENCAO DA SERRA,0,0
354240,REGENTE FEIJO,43,34
354250,REGINOPOLIS,0,0
354260,REGISTRO,229,194
354270,RESTINGA,0,0
354280,RIBEIRA,0,0
354290,RIBEIRAO BONITO,21,17
354300,RIBEIRAO BRANCO,16,16
354310,RIBEIRAO CORRENTE,0,0
354320,RIBEIRAO DO SUL,0,0
354323,RIBEIRAO DOS INDIOS,0,0
354325,RIBEIRAO GRANDE,0,0
354330,RIBEIRAO PIRES,143,42
354340,RIBEIRAO PRETO,2128,1400
354350,RIVERSUL,0,0
354360,RIFAINA,0,0
354370,RINCAO,0,0
354380,RINOPOLIS,24,23
354390,RIO CLARO,445,246
354400,RIO DAS PEDRAS,72,64
354410,RIO GRANDE DA SERRA,0,0
354420,RIOLANDIA,36,25
354425,ROSANA,70,70
354430,ROSEIRA,14,14
354440,RUBIACEA,0,0
354450,RUBINEIA,0,0
354460,SABINO,0,0
354470,SAGRES,0,0
354480,SALES,0,0
354490,SALES OLIVEIRA,21,17
354500,SALESOPOLIS,9,9
354510,SALMOURAO,0,0
354515,SALTINHO,0,0
354520,SALTO,116,116
354530,SALTO DE PIRAPORA,72,47
354540,SALTO GRANDE,34,22
354550,SANDOVALINA,0,0
354560,SANTA ADELIA,23,19
354570,SANTA ALBERTINA,0,0
354580,SANTA BARBARA D'OESTE,208,123
354600,SANTA BRANCA,0,0
354610,SANTA CLARA D'OESTE,0,0
354620,SANTA CRUZ DA CONCEICAO,0,0
354625,SANTA CRUZ DA ESPERANCA,0,0
354630,SANTA CRUZ DAS PALMEIRAS,34,25
354640,SANTA CRUZ DO RIO PARDO,96,55
354650,SANTA ERNESTINA,0,0
354660,SANTA FE DO SUL,81,58
354670,SANTA GERTRUDES,0,0
354680,SANTA ISABEL,50,36
354690,SANTA LUCIA,8,0
354700,SANTA MARIA DA SERRA,6,6
354710,SANTA MERCEDES,0,0
354720,SANTANA DA PONTE PENSA,0,0
354730,SANTANA DE PARNAIBA,70,70
354740,SANTA RITA D'OESTE,0,0
354750,SANTA RITA DO PASSA QUATRO,263,250
354760,SANTA ROSA DE VITERBO,32,19
354765,SANTA SALETE,0,0
354770,SANTO ANASTACIO,50,36
354780,SANTO ANDRE,1458,687
354790,SANTO ANTONIO DA ALEGRIA,9,9
354800,SANTO ANTONIO DE POSSE,0,0
354805,SANTO ANTONIO DO ARACANGUA,0,0
354810,SANTO ANTONIO DO JARDIM,0,0
354820,SANTO ANTONIO DO PINHAL,0,0
354830,SANTO EXPEDITO,0,0
354840,SANTOPOLIS DO AGUAPEI,0,0
354850,SANTOS,1780,712
354860,SAO BENTO DO SAPUCAI,40,26
354870,SAO BERNARDO DO CAMPO,1794,704
354880,SAO CAETANO DO SUL,873,264
354890,SAO CARLOS,399,218
354900,SAO FRANCISCO,0,0
354910,SAO JOAO DA BOA VISTA,201,92
354920,SAO JOAO DAS DUAS PONTES,0,0
354925,SAO JOAO DE IRACEMA,0,0
354930,SAO JOAO DO PAU D'ALHO,0,0
354940,SAO JOAQUIM DA BARRA,103,73
354950,SAO JOSE DA BELA VISTA,0,0
354960,SAO JOSE DO BARREIRO,0,0
354970,SAO JOSE DO RIO PARDO,141,79
354980,SAO JOSE DO RIO PRETO,2420,1161
354990,SAO JOSE DOS CAMPOS,1600,789
354995,SAO LOURENCO DA SERRA,60,0
355000,SAO LUIS DO PARAITINGA,25,16
355010,SAO MANUEL,58,42
355020,SAO MIGUEL ARCANJO,79,79
355030,SAO PAULO,30990,15485
355040,SAO PEDRO,64,54
355050,SAO PEDRO DO TURVO,0,0
355060,SAO ROQUE,222,62
355070,SAO SEBASTIAO,102,102
355080,SAO SEBASTIAO DA GRAMA,30,26
355090,SAO SIMAO,34,33
355100,SAO VICENTE,257,191
355110,SARAPUI,0,0
355120,SARUTAIA,0,0
355130,SEBASTIANOPOLIS DO SUL,0,0
355140,SERRA AZUL,0,0
355150,SERRANA,84,82
355160,SERRA NEGRA,49,33
355170,SERTAOZINHO,130,59
355180,SETE BARRAS,0,0
355190,SEVERINIA,0,0
355200,SILVEIRAS,2,2
355210,SOCORRO,106,49
355220,SOROCABA,1757,980
355230,SUD MENNUCCI,22,20
355240,SUMARE,235,182
355250,SUZANO,334,181
355255,SUZANAPOLIS,0,0
355260,TABAPUA,30,11
355270,TABATINGA,35,22
355280,TABOAO DA SERRA,532,328
355290,TACIBA,0,0
355300,TAGUAI,29,24
355310,TAIACU,0,0
355320,TAIUVA,0,0
355330,TAMBAU,36,27
355340,TANABI,72,30
355350,TAPIRAI,0,0
355360,TAPIRATIBA,15,15
355365,TAQUARAL,0,0
355370,TAQUARITINGA,115,69
355380,TAQUARITUBA,47,32
355385,TAQUARIVAI,60,0
355390,TARABAI,0,0
355395,TARUMA,0,0
355400,TATUI,204,86
355410,TAUBATE,532,367
355420,TEJUPA,0,0
355430,TEODORO SAMPAIO,50,43
355440,TERRA ROXA,34,30
355450,TIETE,55,33
355460,TIMBURI,0,0
355465,TORRE DE PEDRA,0,0
355470,TORRINHA,20,13
355475,TRABIJU,0,0
355480,TREMEMBE,12,0
355490,TRES FRONTEIRAS,0,0
355495,TUIUTI,0,0
355500,TUPA,344,328
355510,TUPI PAULISTA,48,30
355520,TURIUBA,0,0
355530,TURMALINA,0,0
355535,UBARANA,0,0
355540,UBATUBA,86,81
355550,UBIRAJARA,0,0
355560,UCHOA,4,4
355570,UNIAO PAULISTA,0,0
355580,URANIA,26,24
355590,URU,0,0
355600,URUPES,29,14
355610,VALENTIM GENTIL,0,0
355620,VALINHOS,148,59
355630,VALPARAISO,50,32
355635,VARGEM,0,0
355640,VARGEM GRANDE DO SUL,54,35
355645,VARGEM GRANDE PAULISTA,113,2
355650,VARZEA PAULISTA,80,72
355660,VERA CRUZ,0,0
355670,VINHEDO,82,63
355680,VIRADOURO,23,20
355690,VISTA ALEGRE DO ALTO,0,0
355695,VITORIA BRASIL,0,0
355700,VOTORANTIM,162,64
355710,VOTUPORANGA,209,120
355715,ZACARIAS,0,0
355720,CHAVANTES,51,30
355730,ESTIVA GERBI,0,0
