codigo,codigo_ibge,municipio,populacao,ano
350010,3500105,Adamantina - SP,35673,2025
350020,3500204,Adolfo - SP,4505,2025
350030,3500303,Aguaí - SP,32886,2025
350040,3500402,Águas da Prata - SP,7463,2025
350050,3500501,Águas de Lindóia - SP,18257,2025
350055,3500550,Águas de Santa Bárbara - SP,7460,2025
350060,3500600,Águas de São Pedro - SP,2928,2025
350070,3500709,Agudos - SP,38988,2025
350075,3500758,Alambari - SP,6373,2025
350080,3500808,Alfredo Marcondes - SP,4574,2025
350090,3500907,Altair - SP,3467,2025
350100,3501004,Altinópolis - SP,17197,2025
350110,3501103,Alto Alegre - SP,3874,2025
350115,3501152,Alumínio - SP,17607,2025
350120,3501202,Álvares Florence - SP,3979,2025
350130,3501301,Álvares Machado - SP,28386,2025
350140,3501400,Álvaro de Carvalho - SP,4901,2025
350150,3501509,Alvinlândia - SP,2919,2025
350160,3501608,Americana - SP,247571,2025
350170,3501707,Américo Brasiliense - SP,33708,2025
350180,3501806,Américo de Campos - SP,5981,2025
350190,3501905,Amparo - SP,69792,2025
350200,3502002,Analândia - SP,4694,2025
350210,3502101,Andradina - SP,61625,2025
350220,3502200,Angatuba - SP,24573,2025
350230,3502309,Anhembi - SP,5766,2025
350240,3502408,Anhumas - SP,4118,2025
350250,3502507,Aparecida - SP,33141,2025
350260,3502606,Aparecida d'Oeste - SP,4112,2025
350270,3502705,Apiaí - SP,24857,2025
350275,3502754,Araçariguama - SP,22314,2025
350280,3502804,Araçatuba - SP,208415,2025
350290,3502903,Araçoiaba da Serra - SP,33832,2025
350300,3503000,Aramina - SP,5535,2025
350310,3503109,Arandu - SP,7076,2025
350315,3503158,Arapeí - SP,2355,2025
350320,3503208,Araraquara - SP,253474,2025
350330,3503307,Araras - SP,135744,2025
350335,3503356,Arco-Íris - SP,2089,2025
350340,3503406,Arealva - SP,8290,2025
350350,3503505,Areias - SP,3617,2025
350360,3503604,Areiópolis - SP,10242,2025
350370,3503703,Ariranha - SP,7621,2025
350380,3503802,Artur Nogueira - SP,53467,2025
350390,3503901,Arujá - SP,90273,2025
350395,3503950,Aspásia - SP,1875,2025
350400,3504008,Assis - SP,104858,2025
350410,3504107,Atibaia - SP,167161,2025
350420,3504206,Auriflama - SP,13856,2025
350430,3504305,Avaí - SP,4503,2025
350440,3504404,Avanhandava - SP,11436,2025
350450,3504503,Avaré - SP,96450,2025
350460,3504602,Bady Bassitt - SP,29346,2025
350470,3504701,Balbinos - SP,3969,2025
350480,3504800,Bálsamo - SP,9902,2025
350490,3504909,Bananal - SP,10097,2025
350500,3505005,Barão de Antonina - SP,3632,2025
350510,3505104,Barbosa - SP,5627,2025
350520,3505203,Bariri - SP,32406,2025
350530,3505302,Barra Bonita - SP,35129,2025
350535,3505351,Barra do Chapéu - SP,5254,2025
350540,3505401,Barra do Turvo - SP,6894,2025
350550,3505500,Barretos - SP,126957,2025
350560,3505609,Barrinha - SP,33304,2025
350570,3505708,Barueri - SP,333737,2025
350580,3505807,Bastos - SP,21936,2025
350590,3505906,Batatais - SP,59939,2025
350600,3506003,Bauru - SP,392947,2025
350610,3506102,Bebedouro - SP,78257,2025
350620,3506201,Bento de Abreu - SP,2640,2025
350630,3506300,Bernardino de Campos - SP,11881,2025
350635,3506359,Bertioga - SP,67436,2025
350640,3506409,Bilac - SP,7464,2025
350650,3506508,Birigui - SP,123340,2025
350660,3506607,Biritiba Mirim - SP,30564,2025
350670,3506706,Boa Esperança do Sul - SP,13113,2025
350680,3506805,Bocaina - SP,11480,2025
350690,3506904,Bofete - SP,10710,2025
350700,3507001,Boituva - SP,63850,2025
350710,3507100,Bom Jesus dos Perdões - SP,22579,2025
350715,3507159,Bom Sucesso de Itararé - SP,3609,2025
350720,3507209,Borá - SP,932,2025
350730,3507308,Boracéia - SP,4838,2025
350740,3507407,Borborema - SP,14405,2025
350745,3507456,Borebi - SP,2801,2025
350750,3507506,Botucatu - SP,151053,2025
350760,3507605,Bragança Paulista - SP,185688,2025
350770,3507704,Braúna - SP,5477,2025
350775,3507753,Brejo Alegre - SP,2605,2025
350780,3507803,Brodowski - SP,26314,2025
350790,3507902,Brotas - SP,24501,2025
350800,3508009,Buri - SP,20731,2025
350810,3508108,Buritama - SP,17658,2025
350820,3508207,Buritizal - SP,4458,2025
350830,3508306,Cabrália Paulista - SP,4360,2025
350840,3508405,Cabreúva - SP,48654,2025
350850,3508504,Caçapava - SP,100071,2025
350860,3508603,Cachoeira Paulista - SP,32534,2025
350870,3508702,Caconde - SP,17228,2025
350880,3508801,Cafelândia - SP,16907,2025
350890,3508900,Caiabu - SP,3726,2025
350900,3509007,Caieiras - SP,98549,2025
350910,3509106,Caiuá - SP,5599,2025
350920,3509205,Cajamar - SP,98365,2025
350925,3509254,Cajati - SP,29262,2025
350930,3509304,Cajobi - SP,9210,2025
350940,3509403,Cajuru - SP,24233,2025
350945,3509452,Campina do Monte Alegre - SP,6090,2025
350950,3509502,Campinas - SP,1187974,2025
350960,3509601,Campo Limpo Paulista - SP,79781,2025
350970,3509700,Campos do Jordão - SP,47956,2025
350980,3509809,Campos Novos Paulista - SP,5003,2025
350990,3509908,Cananéia - SP,12491,2025
350995,3509957,Canas - SP,5068,2025
351000,3510005,Cândido Mota - SP,30157,2025
351010,3510104,Cândido Rodrigues - SP,2959,2025
351015,3510153,Canitar - SP,6589,2025
351020,3510203,Capão Bonito - SP,47409,2025
351030,3510302,Capela do Alto - SP,23777,2025
351040,3510401,Capivari - SP,51369,2025
351050,3510500,Caraguatatuba - SP,142248,2025
351060,3510609,Carapicuíba - SP,398236,2025
351070,3510708,Cardoso - SP,11476,2025
351080,3510807,Casa Branca - SP,28779,2025
351090,3510906,Cássia dos Coqueiros - SP,2861,2025
351100,3511003,Castilho - SP,20485,2025
351110,3511102,Catanduva - SP,119275,2025
351120,3511201,Catiguá - SP,7101,2025
351130,3511300,Cedral - SP,13314,2025
351140,3511409,Cerqueira César - SP,22210,2025
351150,3511508,Cerquilho - SP,46391,2025
351160,3511607,Cesário Lange - SP,19707,2025
351170,3511706,Charqueada - SP,15814,2025
351190,3511904,Clementina - SP,7084,2025
351200,3512001,Colina - SP,18880,2025
351210,3512100,Colômbia - SP,6802,2025
351220,3512209,Conchal - SP,29132,2025
351230,3512308,Conchas - SP,15345,2025
351240,3512407,Cordeirópolis - SP,25286,2025
351250,3512506,Coroados - SP,5504,2025
351260,3512605,Coronel Macedo - SP,4271,2025
351270,3512704,Corumbataí - SP,4296,2025
351280,3512803,Cosmópolis - SP,61167,2025
351290,3512902,Cosmorama - SP,9019,2025
351300,3513009,Cotia - SP,289493,2025
351310,3513108,Cravinhos - SP,34307,2025
351320,3513207,Cristais Paulista - SP,9600,2025
351330,3513306,Cruzália - SP,2123,2025
351340,3513405,Cruzeiro - SP,76444,2025
351350,3513504,Cubatão - SP,114870,2025
351360,3513603,Cunha - SP,22460,2025
351370,3513702,Descalvado - SP,32663,2025
351380,3513801,Diadema - SP,403579,2025
351385,3513850,Dirce Reis - SP,1639,2025
351390,3513900,Divinolândia - SP,11305,2025
351400,3514007,Dobrada - SP,8986,2025
351410,3514106,Dois Córregos - SP,24847,2025
351420,3514205,Dolcinópolis - SP,2254,2025
351430,3514304,Dourado - SP,8169,2025
351440,3514403,Dracena - SP,46735,2025
351450,3514502,Duartina - SP,12532,2025
351460,3514601,Dumont - SP,9764,2025
351470,3514700,Echaporã - SP,6291,2025
351480,3514809,Eldorado - SP,13109,2025
351490,3514908,Elias Fausto - SP,18168,2025
351492,3514924,Elisiário - SP,3190,2025
351495,3514957,Embaúba - SP,2349,2025
351500,3515004,Embu das Artes - SP,259788,2025
351510,3515103,Embu-Guaçu - SP,68913,2025
351512,3515129,Emilianópolis - SP,3061,2025
351515,3515152,Engenheiro Coelho - SP,20261,2025
351518,3515186,Espírito Santo do Pinhal - SP,40610,2025
351519,3515194,Espírito Santo do Turvo - SP,4214,2025
351520,3515202,Estrela d'Oeste - SP,9696,2025
351530,3515301,Estrela do Norte - SP,2751,2025
351535,3515350,Euclides da Cunha Paulista - SP,7883,2025
351540,3515400,Fartura - SP,17029,2025
351550,3515509,Fernandópolis - SP,73508,2025
351560,3515608,Fernando Prestes - SP,6080,2025
351565,3515657,Fernão - SP,1692,2025
351570,3515707,Ferraz de Vasconcelos - SP,186479,2025
351580,3515806,Flora Rica - SP,1483,2025
351590,3515905,Floreal - SP,2747,2025
351600,3516002,Flórida Paulista - SP,13175,2025
351610,3516101,Florínea - SP,4022,2025
351620,3516200,Franca - SP,365494,2025
351630,3516309,Francisco Morato - SP,171476,2025
351640,3516408,Franco da Rocha - SP,150241,2025
351650,3516507,Gabriel Monteiro - SP,2813,2025
351660,3516606,Gália - SP,6413,2025
351670,3516705,Garça - SP,43081,2025
351680,3516804,Gastão Vidigal - SP,3203,2025
351685,3516853,Gavião Peixoto - SP,4806,2025
351690,3516903,General Salgado - SP,10437,2025
351700,3517000,Getulina - SP,10337,2025
351710,3517109,Glicério - SP,4158,2025
351720,3517208,Guaiçara - SP,11478,2025
351730,3517307,Guaimbê - SP,5609,2025
351740,3517406,Guaíra - SP,40489,2025
351750,3517505,Guapiaçu - SP,22445,2025
351760,3517604,Guapiara - SP,17225,2025
351770,3517703,Guará - SP,18748,2025
351780,3517802,Guaraçaí - SP,7453,2025
351790,3517901,Guaraci - SP,10554,2025
351800,3518008,Guarani d'Oeste - SP,1999,2025
351810,3518107,Guarantã - SP,6532,2025
351820,3518206,Guararapes - SP,31888,2025
351830,3518305,Guararema - SP,32620,2025
351840,3518404,Guaratinguetá - SP,121916,2025
351850,3518503,Guareí - SP,15285,2025
351860,3518602,Guariba - SP,38678,2025
351870,3518701,Guarujá - SP,294871,2025
351880,3518800,Guarulhos - SP,1349100,2025
351885,3518859,Guatapará - SP,7474,2025
351890,3518909,Guzolândia - SP,4259,2025
351900,3519006,Herculândia - SP,9316,2025
351905,3519055,Holambra - SP,15718,2025
351907,3519071,Hortolândia - SP,248842,2025
351910,3519105,Iacanga - SP,10648,2025
351920,3519204,Iacri - SP,6197,2025
351925,3519253,Iaras - SP,8313,2025
351930,3519303,Ibaté - SP,33160,2025
351940,3519402,Ibirá - SP,11952,2025
351950,3519501,Ibirarema - SP,6450,2025
351960,3519600,Ibitinga - SP,62143,2025
351970,3519709,Ibiúna - SP,77801,2025
351980,3519808,Icém - SP,7982,2025
351990,3519907,Iepê - SP,7739,2025
352000,3520004,Igaraçu do Tietê - SP,23421,2025
352010,3520103,Igarapava - SP,26696,2025
352020,3520202,Igaratá - SP,10984,2025
352030,3520301,Iguape - SP,29891,2025
352040,3520400,Ilhabela - SP,36559,2025
352042,3520426,Ilha Comprida - SP,14104,2025
352044,3520442,Ilha Solteira - SP,26257,2025
352050,3520509,Indaiatuba - SP,269657,2025
352060,3520608,Indiana - SP,5200,2025
352070,3520707,Indiaporã - SP,4113,2025
352080,3520806,Inúbia Paulista - SP,3671,2025
352090,3520905,Ipaussu - SP,13935,2025
352100,3521002,Iperó - SP,38277,2025
352110,3521101,Ipeúna - SP,7027,2025
352115,3521150,Ipiguá - SP,7115,2025
352120,3521200,Iporanga - SP,4083,2025
352130,3521309,Ipuã - SP,14701,2025
352140,3521408,Iracemápolis - SP,22500,2025
352150,3521507,Irapuã - SP,6932,2025
352160,3521606,Irapuru - SP,7120,2025
352170,3521705,Itaberá - SP,18263,2025
352180,3521804,Itaí - SP,25979,2025
352190,3521903,Itajobi - SP,17502,2025
352200,3522000,Itaju - SP,3715,2025
352210,3522109,Itanhaém - SP,118495,2025
352215,3522158,Itaoca - SP,3497,2025
352220,3522208,Itapecerica da Serra - SP,163003,2025
352230,3522307,Itapetininga - SP,164256,2025
352240,3522406,Itapeva - SP,92393,2025
352250,3522505,Itapevi - SP,242995,2025
352260,3522604,Itapira - SP,74038,2025
352265,3522653,Itapirapuã Paulista - SP,4420,2025
352270,3522703,Itápolis - SP,40445,2025
352280,3522802,Itaporanga - SP,14245,2025
352290,3522901,Itapuí - SP,14035,2025
352300,3523008,Itapura - SP,4002,2025
352310,3523107,Itaquaquecetuba - SP,382983,2025
352320,3523206,Itararé - SP,45213,2025
352330,3523305,Itariri - SP,15916,2025
352340,3523404,Itatiba - SP,127112,2025
352350,3523503,Itatinga - SP,19462,2025
352360,3523602,Itirapina - SP,16454,2025
352370,3523701,Itirapuã - SP,5857,2025
352380,3523800,Itobi - SP,8227,2025
352390,3523909,Itu - SP,175047,2025
352400,3524006,Itupeva - SP,74994,2025
352410,3524105,Ituverava - SP,38413,2025
352420,3524204,Jaborandi - SP,6280,2025
352430,3524303,Jaboticabal - SP,73473,2025
352440,3524402,Jacareí - SP,250952,2025
352450,3524501,Jaci - SP,7944,2025
352460,3524600,Jacupiranga - SP,16216,2025
352470,3524709,Jaguariúna - SP,62309,2025
352480,3524808,Jales - SP,50078,2025
352490,3524907,Jambeiro - SP,6611,2025
352500,3525003,Jandira - SP,121550,2025
352510,3525102,Jardinópolis - SP,47125,2025
352520,3525201,Jarinu - SP,40007,2025
352530,3525300,Jaú - SP,137409,2025
352540,3525409,Jeriquara - SP,4000,2025
352550,3525508,Joanópolis - SP,13131,2025
352560,3525607,João Ramalho - SP,4464,2025
352570,3525706,José Bonifácio - SP,37992,2025
352580,3525805,Júlio Mesquita - SP,4302,2025
352585,3525854,Jumirim - SP,3132,2025
352590,3525904,Jundiaí - SP,463039,2025
352600,3526001,Junqueirópolis - SP,20939,2025
352610,3526100,Juquiá - SP,17184,2025
352620,3526209,Juquitiba - SP,27969,2025
352630,3526308,Lagoinha - SP,5183,2025
352640,3526407,Laranjal Paulista - SP,27044,2025
352650,3526506,Lavínia - SP,9940,2025
352660,3526605,Lavrinhas - SP,7348,2025
352670,3526704,Leme - SP,101537,2025
352680,3526803,Lençóis Paulista - SP,68568,2025
352690,3526902,Limeira - SP,301292,2025
352700,3527009,Lindóia - SP,7158,2025
352710,3527108,Lins - SP,76844,2025
352720,3527207,Lorena - SP,87468,2025
352725,3527256,Lourdes - SP,1962,2025
352730,3527306,Louveira - SP,54865,2025
352740,3527405,Lucélia - SP,20378,2025
352750,3527504,Lucianópolis - SP,2423,2025
352760,3527603,Luís Antônio - SP,12564,2025
352770,3527702,Luiziânia - SP,4740,2025
352780,3527801,Lupércio - SP,4004,2025
352790,3527900,Lutécia - SP,2697,2025
352800,3528007,Macatuba - SP,17140,2025
352810,3528106,Macaubal - SP,7581,2025
352820,3528205,Macedônia - SP,4058,2025
352830,3528304,Magda - SP,3211,2025
352840,3528403,Mairinque - SP,51888,2025
352850,3528502,Mairiporã - SP,97835,2025
352860,3528601,Manduri - SP,10122,2025
352870,3528700,Marabá Paulista - SP,4619,2025
352880,3528809,Maracaí - SP,12804,2025
352885,3528858,Marapoama - SP,3415,2025
352890,3528908,Mariápolis - SP,3526,2025
352900,3529005,Marília - SP,247348,2025
352910,3529104,Marinópolis - SP,1862,2025
352920,3529203,Martinópolis - SP,25240,2025
352930,3529302,Matão - SP,81075,2025
352940,3529401,Mauá - SP,429014,2025
352950,3529500,Mendonça - SP,6420,2025
352960,3529609,Meridiano - SP,4721,2025
352965,3529658,Mesópolis - SP,1990,2025
352970,3529708,Miguelópolis - SP,19621,2025
352980,3529807,Mineiros do Tietê - SP,11322,2025
352990,3529906,Miracatu - SP,18610,2025
353000,3530003,Mira Estrela - SP,3209,2025
353010,3530102,Mirandópolis - SP,28754,2025
353020,3530201,Mirante do Paranapanema - SP,16031,2025
353030,3530300,Mirassol - SP,65811,2025
353040,3530409,Mirassolândia - SP,4783,2025
353050,3530508,Mococa - SP,69372,2025
353060,3530607,Mogi das Cruzes - SP,470302,2025
353070,3530706,Mogi Guaçu - SP,160318,2025
353080,3530805,Mogi Mirim - SP,95742,2025
353090,3530904,Mombuca - SP,3830,2025
353100,3531001,Monções - SP,1947,2025
353110,3531100,Mongaguá - SP,64845,2025
353120,3531209,Monte Alegre do Sul - SP,8923,2025
353130,3531308,Monte Alto - SP,48758,2025
353140,3531407,Monte Aprazível - SP,22668,2025
353150,3531506,Monte Azul Paulista - SP,18337,2025
353160,3531605,Monte Castelo - SP,4306,2025
353170,3531704,Monteiro Lobato - SP,4205,2025
353180,3531803,Monte Mor - SP,67832,2025
353190,3531902,Morro Agudo - SP,28521,2025
353200,3532009,Morungaba - SP,14147,2025
353205,3532058,Motuca - SP,4071,2025
353210,3532108,Murutinga do Sul - SP,3748,2025
353215,3532157,Nantes - SP,2697,2025
353220,3532207,Narandiba - SP,5956,2025
353230,3532306,Natividade da Serra - SP,7155,2025
353240,3532405,Nazaré Paulista - SP,18675,2025
353250,3532504,Neves Paulista - SP,9953,2025
353260,3532603,Nhandeara - SP,9915,2025
353270,3532702,Nipoã - SP,4876,2025
353280,3532801,Nova Aliança - SP,6885,2025
353282,3532827,Nova Campina - SP,8630,2025
353284,3532843,Nova Canaã Paulista - SP,2055,2025
353286,3532868,Nova Castilho - SP,1072,2025
353290,3532900,Nova Europa - SP,9459,2025
353300,3533007,Nova Granada - SP,19733,2025
353310,3533106,Nova Guataporanga - SP,2188,2025
353320,3533205,Nova Independência - SP,4847,2025
353325,3533254,Novais - SP,4463,2025
353330,3533304,Nova Luzitânia - SP,2817,2025
353340,3533403,Nova Odessa - SP,64596,2025
353350,3533502,Novo Horizonte - SP,39494,2025
353360,3533601,Nuporanga - SP,7570,2025
353370,3533700,Ocauçu - SP,4418,2025
353380,3533809,Óleo - SP,2535,2025
353390,3533908,Olímpia - SP,56874,2025
353400,3534005,Onda Verde - SP,4942,2025
353410,3534104,Oriente - SP,6180,2025
353420,3534203,Orindiúva - SP,6157,2025
353430,3534302,Orlândia - SP,39144,2025
353440,3534401,Osasco - SP,759524,2025
353450,3534500,Oscar Bressane - SP,2502,2025
353460,3534609,Osvaldo Cruz - SP,32112,2025
353470,3534708,Ourinhos - SP,106911,2025
353475,3534757,Ouroeste - SP,10660,2025
353480,3534807,Ouro Verde - SP,7900,2025
353490,3534906,Pacaembu - SP,15273,2025
353500,3535002,Palestina - SP,11704,2025
353510,3535101,Palmares Paulista - SP,9666,2025
353520,3535200,Palmeira d'Oeste - SP,8971,2025
353530,3535309,Palmital - SP,19714,2025
353540,3535408,Panorama - SP,15227,2025
353550,3535507,Paraguaçu Paulista - SP,42049,2025
353560,3535606,Paraibuna - SP,17959,2025
353570,3535705,Paraíso - SP,6218,2025
353580,3535804,Paranapanema - SP,19853,2025
353590,3535903,Paranapuã - SP,4118,2025
353600,3536000,Parapuã - SP,10720,2025
353610,3536109,Pardinho - SP,7435,2025
353620,3536208,Pariquera-Açu - SP,19603,2025
353625,3536257,Parisi - SP,3030,2025
353630,3536307,Patrocínio Paulista - SP,14888,2025
353640,3536406,Paulicéia - SP,8255,2025
353650,3536505,Paulínia - SP,116674,2025
353657,3536570,Paulistânia - SP,2156,2025
353660,3536604,Paulo de Faria - SP,7390,2025
353670,3536703,Pederneiras - SP,46337,2025
353680,3536802,Pedra Bela - SP,6745,2025
353690,3536901,Pedranópolis - SP,2856,2025
353700,3537008,Pedregulho - SP,15737,2025
353710,3537107,Pedreira - SP,44385,2025
353715,3537156,Pedrinhas Paulista - SP,2833,2025
353720,3537206,Pedro de Toledo - SP,11617,2025
353730,3537305,Penápolis - SP,63426,2025
353740,3537404,Pereira Barreto - SP,24360,2025
353750,3537503,Pereiras - SP,9013,2025
353760,3537602,Peruíbe - SP,70629,2025
353770,3537701,Piacatu - SP,5631,2025
353780,3537800,Piedade - SP,54266,2025
353790,3537909,Pilar do Sul - SP,28459,2025
353800,3538006,Pindamonhangaba - SP,172681,2025
353810,3538105,Pindorama - SP,14704,2025
353820,3538204,Pinhalzinho - SP,15676,2025
353830,3538303,Piquerobi - SP,3287,2025
353850,3538501,Piquete - SP,12516,2025
353860,3538600,Piracaia - SP,26795,2025
353870,3538709,Piracicaba - SP,440835,2025
353880,3538808,Piraju - SP,30294,2025
353890,3538907,Pirajuí - SP,22734,2025
353900,3539004,Pirangi - SP,11085,2025
353910,3539103,Pirapora do Bom Jesus - SP,18925,2025
353920,3539202,Pirapozinho - SP,26097,2025
353930,3539301,Pirassununga - SP,75594,2025
353940,3539400,Piratininga - SP,15657,2025
353950,3539509,Pitangueiras - SP,34361,2025
353960,3539608,Planalto - SP,4451,2025
353970,3539707,Platina - SP,3055,2025
353980,3539806,Poá - SP,106355,2025
353990,3539905,Poloni - SP,5702,2025
354000,3540002,Pompéia - SP,20520,2025
354010,3540101,Pongaí - SP,3440,2025
354020,3540200,Pontal - SP,38286,2025
354025,3540259,Pontalinda - SP,4198,2025
354030,3540309,Pontes Gestal - SP,2411,2025
354040,3540408,Populina - SP,4182,2025
354050,3540507,Porangaba - SP,10850,2025
354060,3540606,Porto Feliz - SP,58605,2025
354070,3540705,Porto Ferreira - SP,53966,2025
354075,3540754,Potim - SP,20801,2025
354080,3540804,Potirendaba - SP,19097,2025
354085,3540853,Pracinha - SP,2589,2025
354090,3540903,Pradópolis - SP,17299,2025
354100,3541000,Praia Grande - SP,368539,2025
354105,3541059,Pratânia - SP,5264,2025
354110,3541109,Presidente Alves - SP,3830,2025
354120,3541208,Presidente Bernardes - SP,14803,2025
354130,3541307,Presidente Epitácio - SP,40322,2025
354140,3541406,Presidente Prudente - SP,234706,2025
354150,3541505,Presidente Venceslau - SP,35810,2025
354160,3541604,Promissão - SP,35973,2025
354165,3541653,Quadra - SP,3477,2025
354170,3541703,Quatá - SP,13412,2025
354180,3541802,Queiroz - SP,3366,2025
354190,3541901,Queluz - SP,9074,2025
354200,3542008,Quintana - SP,7260,2025
354210,3542107,Rafard - SP,9145,2025
354220,3542206,Rancharia - SP,29387,2025
354230,3542305,Redenção da Serra - SP,4637,2025
354240,3542404,Regente Feijó - SP,20620,2025
354250,3542503,Reginópolis - SP,7820,2025
354260,3542602,Registro - SP,61927,2025
354270,3542701,Restinga - SP,6486,2025
354280,3542800,Ribeira - SP,3158,2025
354290,3542909,Ribeirão Bonito - SP,11040,2025
354300,3543006,Ribeirão Branco - SP,18942,2025
354310,3543105,Ribeirão Corrente - SP,4717,2025
354320,3543204,Ribeirão do Sul - SP,4776,2025
354323,3543238,Ribeirão dos Índios - SP,2040,2025
354325,3543253,Ribeirão Grande - SP,7571,2025
354330,3543303,Ribeirão Pires - SP,118954,2025
354340,3543402,Ribeirão Preto - SP,731639,2025
354350,3543501,Riversul - SP,5628,2025
354360,3543600,Rifaina - SP,4179,2025
354370,3543709,Rincão - SP,9101,2025
354380,3543808,Rinópolis - SP,9334,2025
354390,3543907,Rio Claro - SP,210323,2025
354400,3544004,Rio das Pedras - SP,32329,2025
354410,3544103,Rio Grande da Serra - SP,45324,2025
354420,3544202,Riolândia - SP,10444,2025
354425,3544251,Rosana - SP,17434,2025
354430,3544301,Roseira - SP,11137,2025
354440,3544400,Rubiácea - SP,2740,2025
354450,3544509,Rubinéia - SP,3998,2025
354460,3544608,Sabino - SP,5182,2025
354470,3544707,Sagres - SP,2522,2025
354480,3544806,Sales - SP,6645,2025
354490,3544905,Sales Oliveira - SP,11683,2025
354500,3545001,Salesópolis - SP,15381,2025
354510,3545100,Salmourão - SP,4883,2025
354515,3545159,Saltinho - SP,8407,2025
354520,3545209,Salto - SP,141111,2025
354530,3545308,Salto de Pirapora - SP,45262,2025
354540,3545407,Salto Grande - SP,9221,2025
354550,3545506,Sandovalina - SP,3697,2025
354560,3545605,Santa Adélia - SP,14193,2025
354570,3545704,Santa Albertina - SP,6566,2025
354580,3545803,Santa Bárbara d'Oeste - SP,189456,2025
354600,3546009,Santa Branca - SP,14219,2025
354610,3546108,Santa Clara d'Oeste - SP,2694,2025
354620,3546207,Santa Cruz da Conceição - SP,4375,2025
354625,3546256,Santa Cruz da Esperança - SP,2168,2025
354630,3546306,Santa Cruz das Palmeiras - SP,29489,2025
354640,3546405,Santa Cruz do Rio Pardo - SP,47759,2025
354650,3546504,Santa Ernestina - SP,6274,2025
354660,3546603,Santa Fé do Sul - SP,36288,2025
354670,3546702,Santa Gertrudes - SP,23192,2025
354680,3546801,Santa Isabel - SP,54691,2025
354690,3546900,Santa Lúcia - SP,7144,2025
354700,3547007,Santa Maria da Serra - SP,5308,2025
354710,3547106,Santa Mercedes - SP,3017,2025
354720,3547205,Santana da Ponte Pensa - SP,1699,2025
354730,3547304,Santana de Parnaíba - SP,163787,2025
354740,3547403,Santa Rita d'Oeste - SP,2796,2025
354750,3547502,Santa Rita do Passa Quatro - SP,24996,2025
354760,3547601,Santa Rosa de Viterbo - SP,23710,2025
354765,3547650,Santa Salete - SP,1692,2025
354770,3547700,Santo Anastácio - SP,17960,2025
354780,3547809,Santo André - SP,782048,2025
354790,3547908,Santo Antônio da Alegria - SP,6933,2025
354800,3548005,Santo Antônio de Posse - SP,23867,2025
354805,3548054,Santo Antônio do Aracanguá - SP,8593,2025
354810,3548104,Santo Antônio do Jardim - SP,6243,2025
354820,3548203,Santo Antônio do Pinhal - SP,7314,2025
354830,3548302,Santo Expedito - SP,3069,2025
354840,3548401,Santópolis do Aguapeí - SP,3921,2025
354850,3548500,Santos - SP,429547,2025
354860,3548609,São Bento do Sapucaí - SP,11989,2025
354870,3548708,São Bernardo do Campo - SP,841154,2025
354880,3548807,São Caetano do Sul - SP,172693,2025
354890,3548906,São Carlos - SP,266427,2025
354900,3549003,São Francisco - SP,2623,2025
354910,3549102,São João da Boa Vista - SP,96080,2025
354920,3549201,São João das Duas Pontes - SP,2623,2025
354925,3549250,São João de Iracema - SP,1882,2025
354930,3549300,São João do Pau d'Alho - SP,2293,2025
354940,3549409,São Joaquim da Barra - SP,49885,2025
354950,3549508,São José da Bela Vista - SP,7664,2025
354960,3549607,São José do Barreiro - SP,3888,2025
354970,3549706,São José do Rio Pardo - SP,53427,2025
354980,3549805,São José do Rio Preto - SP,504166,2025
354990,3549904,São José dos Campos - SP,727078,2025
354995,3549953,São Lourenço da Serra - SP,16479,2025
355000,3550001,São Luiz do Paraitinga - SP,10487,2025
355010,3550100,São Manuel - SP,38131,2025
355020,3550209,São Miguel Arcanjo - SP,32924,2025
355030,3550308,São Paulo - SP,11904961,2025
355040,3550407,São Pedro - SP,39855,2025
355050,3550506,São Pedro do Turvo - SP,7333,2025
355060,3550605,São Roque - SP,81366,2025
355070,3550704,São Sebastião - SP,84280,2025
355080,3550803,São Sebastião da Grama - SP,10428,2025
355090,3550902,São Simão - SP,13560,2025
355100,3551009,São Vicente - SP,338326,2025
355110,3551108,Sarapuí - SP,10677,2025
355120,3551207,Sarutaiá - SP,3772,2025
355130,3551306,Sebastianópolis do Sul - SP,3191,2025
355140,3551405,Serra Azul - SP,13108,2025
355150,3551504,Serrana - SP,45580,2025
355160,3551603,Serra Negra - SP,31047,2025
355170,3551702,Sertãozinho - SP,132176,2025
355180,3551801,Sete Barras - SP,12903,2025
355190,3551900,Severínia - SP,14693,2025
355200,3552007,Silveiras - SP,6329,2025
355210,3552106,Socorro - SP,41527,2025
355220,3552205,Sorocaba - SP,762172,2025
355230,3552304,Sud Mennucci - SP,7464,2025
355240,3552403,Sumaré - SP,291116,2025
355250,3552502,Suzano - SP,320261,2025
355255,3552551,Suzanápolis - SP,3465,2025
355260,3552601,Tabapuã - SP,11498,2025
355270,3552700,Tabatinga - SP,14997,2025
355280,3552809,Taboão da Serra - SP,285307,2025
355290,3552908,Taciba - SP,6418,2025
355300,3553005,Taguaí - SP,13068,2025
355310,3553104,Taiaçu - SP,5744,2025
355320,3553203,Taiúva - SP,6770,2025
355330,3553302,Tambaú - SP,21650,2025
355340,3553401,Tanabi - SP,26071,2025
355350,3553500,Tapiraí - SP,8122,2025
355360,3553609,Tapiratiba - SP,11903,2025
355365,3553658,Taquaral - SP,2649,2025
355370,3553708,Taquaritinga - SP,53264,2025
355380,3553807,Taquarituba - SP,24932,2025
355385,3553856,Taquarivaí - SP,7170,2025
355390,3553906,Tarabai - SP,6633,2025
355395,3553955,Tarumã - SP,15315,2025
355400,3554003,Tatuí - SP,129130,2025
355410,3554102,Taubaté - SP,322397,2025
355420,3554201,Tejupá - SP,4119,2025
355430,3554300,Teodoro Sampaio - SP,22598,2025
355440,3554409,Terra Roxa - SP,7965,2025
355450,3554508,Tietê - SP,38723,2025
355460,3554607,Timburi - SP,2484,2025
355465,3554656,Torre de Pedra - SP,2056,2025
355470,3554706,Torrinha - SP,9484,2025
355475,3554755,Trabiju - SP,1724,2025
355480,3554805,Tremembé - SP,53426,2025
355490,3554904,Três Fronteiras - SP,7060,2025
355495,3554953,Tuiuti - SP,6976,2025
355500,3555000,Tupã - SP,65433,2025
355510,3555109,Tupi Paulista - SP,16259,2025
355520,3555208,Turiúba - SP,1835,2025
355530,3555307,Turmalina - SP,1662,2025
355535,3555356,Ubarana - SP,5458,2025
355540,3555406,Ubatuba - SP,97096,2025
355550,3555505,Ubirajara - SP,5289,2025
355560,3555604,Uchoa - SP,10670,2025
355570,3555703,União Paulista - SP,1628,2025
355580,3555802,Urânia - SP,8973,2025
355590,3555901,Uru - SP,1424,2025
355600,3556008,Urupês - SP,14073,2025
355610,3556107,Valentim Gentil - SP,14634,2025
355620,3556206,Valinhos - SP,132258,2025
355630,3556305,Valparaíso - SP,24779,2025
355635,3556354,Vargem - SP,10863,2025
355640,3556404,Vargem Grande do Sul - SP,41256,2025
355645,3556453,Vargem Grande Paulista - SP,52352,2025
355650,3556503,Várzea Paulista - SP,119655,2025
355660,3556602,Vera Cruz - SP,10274,2025
355670,3556701,Vinhedo - SP,79089,2025
355680,3556800,Viradouro - SP,17685,2025
355690,3556909,Vista Alegre do Alto - SP,8368,2025
355695,3556958,Vitória Brasil - SP,1828,2025
355700,3557006,Votorantim - SP,133510,2025
355710,3557105,Votuporanga - SP,100568,2025
355715,3557154,Zacarias - SP,2773,2025
355720,3557204,Chavantes - SP,12415,2025
355730,3557303,Estiva Gerbi - SP,11609,2025
